,Neighbourhood,Neighbourhood Latitude,Neighbourhood Longitude,Venue,Venue Latitude,Venue Longitude,Venue Category
0,Charlottenburg-Wilmersdorf,52.50796263682948,13.272750785323504,Die Wühlmäuse,52.50882953708777,13.27073335647583,Comedy Club
1,Charlottenburg-Wilmersdorf,52.50796263682948,13.272750785323504,rbb Dachlounge,52.50857486674797,13.274778127670288,Rooftop Bar
2,Charlottenburg-Wilmersdorf,52.50796263682948,13.272750785323504,Block House,52.50939337436111,13.27095796347855,Steakhouse
3,Charlottenburg-Wilmersdorf,52.50796263682948,13.272750785323504,Lindenwirtin,52.51033483725336,13.271707068159364,German Restaurant
4,Charlottenburg-Wilmersdorf,52.50796263682948,13.272750785323504,Berliner Funkturm,52.50503588462882,13.278152346611023,Scenic Lookout
5,Charlottenburg-Wilmersdorf,52.50796263682948,13.272750785323504,REWE CITY,52.51017102,13.27273302,Supermarket
6,Charlottenburg-Wilmersdorf,52.50796263682948,13.272750785323504,Hotel Villa Kastania,52.510310204768956,13.26822290270997,Hotel
7,Charlottenburg-Wilmersdorf,52.50796263682948,13.272750785323504,Mateo-Looi Sushi Restaurant,52.5115295631979,13.268427952315353,Chinese Restaurant
8,Charlottenburg-Wilmersdorf,52.50796263682948,13.272750785323504,China Restaurant Panda III,52.50649442642958,13.280186547528164,Asian Restaurant
9,Charlottenburg-Wilmersdorf,52.50796263682948,13.272750785323504,Prime Chicken,52.51023864746094,13.271011352539062,Fried Chicken Joint
10,Charlottenburg-Wilmersdorf,52.50796263682948,13.272750785323504,Sommergarten,52.5051203463786,13.273801803588865,Garden
11,Charlottenburg-Wilmersdorf,52.50796263682948,13.272750785323504,T.Viet,52.51017753195876,13.28241834350102,Vietnamese Restaurant
12,Charlottenburg-Wilmersdorf,52.50796263682948,13.272750785323504,La Victoria,52.51057943416563,13.270550398480966,Italian Restaurant
13,Charlottenburg-Wilmersdorf,52.50796263682948,13.272750785323504,Piccolo Mondo,52.51235548979211,13.267806432067728,Italian Restaurant
14,Charlottenburg-Wilmersdorf,52.50796263682948,13.272750785323504,Lietzenseepark,52.50519871279926,13.286676406860352,Park
15,Charlottenburg-Wilmersdorf,52.50796263682948,13.272750785323504,Rasas,52.51209979648858,13.264463509284983,Indian Restaurant
16,Charlottenburg-Wilmersdorf,52.50796263682948,13.272750785323504,Das Bowling Studio,52.50972452908758,13.277372469135384,Bowling Alley
17,Charlottenburg-Wilmersdorf,52.50796263682948,13.272750785323504,Osteria I Due,52.50970734729362,13.273932552850338,Trattoria/Osteria
18,Charlottenburg-Wilmersdorf,52.50796263682948,13.272750785323504,Hotel Brandies,52.51000435479899,13.280844930156453,Hotel
19,Charlottenburg-Wilmersdorf,52.50796263682948,13.272750785323504,BIO COMPANY,52.512500872153744,13.26748890695235,Organic Grocery
20,Charlottenburg-Wilmersdorf,52.50796263682948,13.272750785323504,Adik's Stehcafe,52.50788884366084,13.258130836747545,Café
21,Charlottenburg-Wilmersdorf,52.50796263682948,13.272750785323504,Prime Kebap,52.51026227782016,13.271246157794886,Falafel Restaurant
22,Charlottenburg-Wilmersdorf,52.50796263682948,13.272750785323504,Café Dreikäsehoch Kaiserdamm 20,52.51050118268362,13.286338448524473,Dessert Shop
23,Charlottenburg-Wilmersdorf,52.50796263682948,13.272750785323504,Paella,52.50711,13.28389,Mexican Restaurant
24,Charlottenburg-Wilmersdorf,52.50796263682948,13.272750785323504,EDEKA Königin-Elisabeth-Straße,52.511474,13.2812401,Supermarket
25,Charlottenburg-Wilmersdorf,52.50796263682948,13.272750785323504,Mommsenstadion,52.501005913081926,13.264532089233398,Stadium
26,Charlottenburg-Wilmersdorf,52.50796263682948,13.272750785323504,Persian Restaurant Hafis,52.506156387015466,13.283052185219626,Persian Restaurant
27,Charlottenburg-Wilmersdorf,52.50796263682948,13.272750785323504,My Cottage,52.513839,13.278434,Café
28,Charlottenburg-Wilmersdorf,52.50796263682948,13.272750785323504,Teos Bistro,52.506586772523214,13.283573391204365,Falafel Restaurant
29,Charlottenburg-Wilmersdorf,52.50796263682948,13.272750785323504,Sakura,52.50985846519568,13.278296093156117,Japanese Restaurant
30,Charlottenburg-Wilmersdorf,52.50796263682948,13.272750785323504,Theodor-Heuss-Platz,52.50950865077948,13.272407054901123,Plaza
31,Charlottenburg-Wilmersdorf,52.50796263682948,13.272750785323504,Grill Lokanta,52.510128006148484,13.28407327047792,Doner Restaurant
32,Charlottenburg-Wilmersdorf,52.50796263682948,13.272750785323504,Pianocafé am Lietzensee,52.50636296742098,13.285157707953752,Café
33,Charlottenburg-Wilmersdorf,52.50796263682948,13.272750785323504,Orchidee,52.513589832417374,13.264944364095593,Thai Restaurant
34,Charlottenburg-Wilmersdorf,52.50796263682948,13.272750785323504,JOES Restaurant & Wirtshaus,52.50992684172558,13.271121149369923,German Restaurant
35,Charlottenburg-Wilmersdorf,52.50796263682948,13.272750785323504,Messe Hotel am Funkturm,52.506954443621865,13.28389589197052,Boarding House
36,Charlottenburg-Wilmersdorf,52.50796263682948,13.272750785323504,Tutti Gusti,52.508859768234736,13.268342825096253,Italian Restaurant
37,Charlottenburg-Wilmersdorf,52.50796263682948,13.272750785323504,La Pergola,52.50647613871488,13.284495096070929,Italian Restaurant
38,Charlottenburg-Wilmersdorf,52.50796263682948,13.272750785323504,Queens 45bc,52.514246710502505,13.280679500119293,Comedy Club
39,Charlottenburg-Wilmersdorf,52.50796263682948,13.272750785323504,Funkturm Restaurant,52.50499628884481,13.278375700711603,Restaurant
40,Charlottenburg-Wilmersdorf,52.50796263682948,13.272750785323504,Queens Park Hotel,52.514315610454524,13.27974557876587,Hotel
41,Charlottenburg-Wilmersdorf,52.50796263682948,13.272750785323504,Dunkin',52.51019084284331,13.2812914429569,Donut Shop
42,Charlottenburg-Wilmersdorf,52.50796263682948,13.272750785323504,Pension Messe,52.50677487720309,13.284009999795474,Boarding House
43,Charlottenburg-Wilmersdorf,52.50796263682948,13.272750785323504,Aral,52.51352022,13.26612799,Gas Station
44,Charlottenburg-Wilmersdorf,52.50796263682948,13.272750785323504,Concorde Hotel am Studio,52.50973939521469,13.277284005349946,Hotel
45,Charlottenburg-Wilmersdorf,52.50796263682948,13.272750785323504,AVUS-Tribüne,52.50007716512601,13.27561548158445,Historic Site
46,Charlottenburg-Wilmersdorf,52.50796263682948,13.272750785323504,Hainan City Restaurant,52.506508,13.284058,Asian Restaurant
47,Charlottenburg-Wilmersdorf,52.50796263682948,13.272750785323504,Café Thiel,52.51131713691123,13.269049209469467,Café
48,Charlottenburg-Wilmersdorf,52.50796263682948,13.272750785323504,Gate 19,52.507391,13.280019,Bus Stop
49,Charlottenburg-Wilmersdorf,52.50796263682948,13.272750785323504,Enjoy Kebab,52.50649751723851,13.283459016906201,Doner Restaurant
50,Charlottenburg-Wilmersdorf,52.50796263682948,13.272750785323504,Pizzeria,52.502207931746,13.269689606811367,Pizza Place
51,Charlottenburg-Wilmersdorf,52.50796263682948,13.272750785323504,Brotzeit,52.501743927078344,13.270164728164673,Sandwich Place
52,Charlottenburg-Wilmersdorf,52.50796263682948,13.272750785323504,Motel Avus,52.501403809005765,13.276196865805607,Hotel
53,Charlottenburg-Wilmersdorf,52.50796263682948,13.272750785323504,Rasthof Avus,52.501566058405245,13.277614380067064,Rest Area
54,Charlottenburg-Wilmersdorf,52.50796263682948,13.272750785323504,Dreieck Funkturm (10) (1),52.501643,13.280197,Intersection
55,Charlottenburg-Wilmersdorf,52.50796263682948,13.272750785323504,Cube Café,52.499830812397896,13.271529435587581,Coffee Shop
56,Charlottenburg-Wilmersdorf,52.50796263682948,13.272750785323504,H Hessenallee,52.51373790510682,13.263158074283185,Bus Stop
57,Charlottenburg-Wilmersdorf,52.50796263682948,13.272750785323504,S Heerstraße,52.50811978594503,13.25922983932812,Light Rail Station
58,Charlottenburg-Wilmersdorf,52.50796263682948,13.272750785323504,H S Heerstraße,52.50860967469291,13.25869690302183,Bus Stop
59,Charlottenburg-Wilmersdorf,52.50796263682948,13.272750785323504,Branitzer Platz,52.516616033937666,13.271128256052393,Plaza
60,Charlottenburg-Wilmersdorf,52.50796263682948,13.272750785323504,Il Passetto,52.50822224384133,13.258438110351562,Italian Restaurant
61,Charlottenburg-Wilmersdorf,52.50796263682948,13.272750785323504,Reifen-Müller,52.501163,13.281714,Automotive Shop
62,Friedrichshain-Kreuzberg,52.50689720707378,13.45069781057908,Bis auf's Messer,52.50809164204684,13.449486494064331,Record Shop
63,Friedrichshain-Kreuzberg,52.50689720707378,13.45069781057908,Gin Chilla Bar,52.507896,13.450152,Cocktail Bar
64,Friedrichshain-Kreuzberg,52.50689720707378,13.45069781057908,Skatehalle Berlin,52.50706000001799,13.454085760666922,Skate Park
65,Friedrichshain-Kreuzberg,52.50689720707378,13.45069781057908,Michelberger Hotel,52.50475120070394,13.447503218683359,Hotel
66,Friedrichshain-Kreuzberg,52.50689720707378,13.45069781057908,Teledisko,52.5075037047128,13.45429386906799,Nightclub
67,Friedrichshain-Kreuzberg,52.50689720707378,13.45069781057908,Emma Pea,52.50753218597057,13.454606219152527,Vegetarian / Vegan Restaurant
68,Friedrichshain-Kreuzberg,52.50689720707378,13.45069781057908,Stilbruch Kaffee,52.508204949332544,13.453355678508208,Coffee Shop
69,Friedrichshain-Kreuzberg,52.50689720707378,13.45069781057908,Street Art / RAW-Gelände,52.5074160371711,13.45482855501219,Street Art
70,Friedrichshain-Kreuzberg,52.50689720707378,13.45069781057908,Michelberger Bar,52.50461418701797,13.447877664714321,Hotel Bar
71,Friedrichshain-Kreuzberg,52.50689720707378,13.45069781057908,Monster Ronson's Ichiban Karaoke,52.50515331539783,13.448398407889163,Karaoke Bar
72,Friedrichshain-Kreuzberg,52.50689720707378,13.45069781057908,Urban Spree,52.507864295477575,13.451443578451563,Art Gallery
73,Friedrichshain-Kreuzberg,52.50689720707378,13.45069781057908,Veganz,52.50766365109747,13.449979724699784,Grocery Store
74,Friedrichshain-Kreuzberg,52.50689720707378,13.45069781057908,Oase,52.51049321192495,13.451751232145822,Middle Eastern Restaurant
75,Friedrichshain-Kreuzberg,52.50689720707378,13.45069781057908,FitX,52.505898351559054,13.445891334987664,Gym / Fitness Center
76,Friedrichshain-Kreuzberg,52.50689720707378,13.45069781057908,PLUS Berlin Hostel and Hotel,52.503556779035044,13.448584278378684,Hostel
77,Friedrichshain-Kreuzberg,52.50689720707378,13.45069781057908,Café µ (mü),52.5097371962965,13.454529047012329,Café
78,Friedrichshain-Kreuzberg,52.50689720707378,13.45069781057908,Secret Garden,52.507793,13.449994,Vegetarian / Vegan Restaurant
79,Friedrichshain-Kreuzberg,52.50689720707378,13.45069781057908,Sunflower Hostel,52.509633651953195,13.446248642732158,Hostel
80,Friedrichshain-Kreuzberg,52.50689720707378,13.45069781057908,Trattoria Libau,52.50848657934147,13.452856007540467,Trattoria/Osteria
81,Friedrichshain-Kreuzberg,52.50689720707378,13.45069781057908,Akkawy,52.510422,13.452923,Middle Eastern Restaurant
82,Friedrichshain-Kreuzberg,52.50689720707378,13.45069781057908,Spielwiese Ludothek,52.510369556796846,13.453952526686175,Gaming Cafe
83,Friedrichshain-Kreuzberg,52.50689720707378,13.45069781057908,Vincent Vegan,52.50551535205405,13.445484265157043,Vegetarian / Vegan Restaurant
84,Friedrichshain-Kreuzberg,52.50689720707378,13.45069781057908,Wahrhaft Nahrhaft,52.50756866577607,13.456440650580317,Bagel Shop
85,Friedrichshain-Kreuzberg,52.50689720707378,13.45069781057908,Der Kegel,52.5072865844647,13.454390496514028,Climbing Gym
86,Friedrichshain-Kreuzberg,52.50689720707378,13.45069781057908,Weinladen,52.510110483703585,13.456299380076851,Wine Shop
87,Friedrichshain-Kreuzberg,52.50689720707378,13.45069781057908,Michelberger Restaurant,52.50472198158007,13.44799518585205,Modern European Restaurant
88,Friedrichshain-Kreuzberg,52.50689720707378,13.45069781057908,Mutzenbacher Schnitzelpuff,52.50846017500125,13.452845800042214,Austrian Restaurant
89,Friedrichshain-Kreuzberg,52.50689720707378,13.45069781057908,Mustafa Demir’s Gemüse Kebap,52.50990581118968,13.451373807572534,Doner Restaurant
90,Friedrichshain-Kreuzberg,52.50689720707378,13.45069781057908,Pizza Vira,52.51110067963582,13.452019284539272,Italian Restaurant
91,Friedrichshain-Kreuzberg,52.50689720707378,13.45069781057908,Fitcher’s Vogel,52.510390552236196,13.45136783616273,Bar
92,Friedrichshain-Kreuzberg,52.50689720707378,13.45069781057908,Big Brobot,52.51008140865916,13.455245426906064,Bookstore
93,Friedrichshain-Kreuzberg,52.50689720707378,13.45069781057908,noisy Rooms,52.511428933548935,13.453364689238875,Performing Arts Venue
94,Friedrichshain-Kreuzberg,52.50689720707378,13.45069781057908,Mercedes-Benz Arena,52.506517859909735,13.44375729560852,Concert Hall
95,Friedrichshain-Kreuzberg,52.50689720707378,13.45069781057908,East Side Gallery,52.503415842163285,13.44397187232971,Monument / Landmark
96,Friedrichshain-Kreuzberg,52.50689720707378,13.45069781057908,Schneeweiß,52.50863483334405,13.458412915698691,German Restaurant
97,Friedrichshain-Kreuzberg,52.50689720707378,13.45069781057908,Astra Kulturhaus,52.507224219612304,13.451788679881309,Rock Club
98,Friedrichshain-Kreuzberg,52.50689720707378,13.45069781057908,dm-drogerie markt,52.508939,13.450295,Drugstore
99,Friedrichshain-Kreuzberg,52.50689720707378,13.45069781057908,Shakespeare and Sons,52.512636356259506,13.453112840652466,Bookstore
100,Friedrichshain-Kreuzberg,52.50689720707378,13.45069781057908,Ali Baba,52.510716796399265,13.457534689434333,Middle Eastern Restaurant
101,Friedrichshain-Kreuzberg,52.50689720707378,13.45069781057908,Eismanufaktur,52.50827141173373,13.459540769577886,Ice Cream Shop
102,Friedrichshain-Kreuzberg,52.50689720707378,13.45069781057908,Holiday Inn Berlin - City East Side,52.5049417,13.444565,Hotel
103,Friedrichshain-Kreuzberg,52.50689720707378,13.45069781057908,Il Ritrovo,52.509574917010404,13.457946529386877,Pizza Place
104,Friedrichshain-Kreuzberg,52.50689720707378,13.45069781057908,Kiez Hostel Berlin,52.50984960489462,13.447431592103285,Hostel
105,Friedrichshain-Kreuzberg,52.50689720707378,13.45069781057908,Hundeplatz Revaler Straße,52.50706640447958,13.4581983089447,Dog Run
106,Friedrichshain-Kreuzberg,52.50689720707378,13.45069781057908,1990 Vegan Living,52.5104097662086,13.45849871635437,Vegetarian / Vegan Restaurant
107,Friedrichshain-Kreuzberg,52.50689720707378,13.45069781057908,Oberbaumbrücke,52.50177658227869,13.445709943771362,Bridge
108,Friedrichshain-Kreuzberg,52.50689720707378,13.45069781057908,Fatoush,52.511459411791,13.457050323486328,Middle Eastern Restaurant
109,Friedrichshain-Kreuzberg,52.50689720707378,13.45069781057908,Melt,52.51226770825317,13.453911336470677,Creperie
110,Friedrichshain-Kreuzberg,52.50689720707378,13.45069781057908,goodies,52.51145451459145,13.452469110488892,Vegetarian / Vegan Restaurant
111,Friedrichshain-Kreuzberg,52.50689720707378,13.45069781057908,Patta Finest Baked Potatoes,52.510692,13.457398,Kumpir Restaurant
112,Friedrichshain-Kreuzberg,52.50689720707378,13.45069781057908,Fine Bagels,52.512644,13.453135,Bagel Shop
113,Friedrichshain-Kreuzberg,52.50689720707378,13.45069781057908,Al Gazali,52.510514223539914,13.459297238492324,Falafel Restaurant
114,Friedrichshain-Kreuzberg,52.50689720707378,13.45069781057908,Scheers Schnitzel,52.50285974165979,13.447042431894928,Schnitzel Restaurant
115,Friedrichshain-Kreuzberg,52.50689720707378,13.45069781057908,Neumanns Café,52.510326,13.458039,Café
116,Friedrichshain-Kreuzberg,52.50689720707378,13.45069781057908,V Vintage Fashion,52.510012,13.455918,Thrift / Vintage Store
117,Friedrichshain-Kreuzberg,52.50689720707378,13.45069781057908,UCI Luxe Kino,52.50527707908021,13.442169427871704,Multiplex
118,Friedrichshain-Kreuzberg,52.50689720707378,13.45069781057908,HHV Store,52.511895456032306,13.456103420405865,Record Shop
119,Friedrichshain-Kreuzberg,52.50689720707378,13.45069781057908,Café Datscha,52.509304,13.458025,Russian Restaurant
120,Friedrichshain-Kreuzberg,52.50689720707378,13.45069781057908,Nirgendwo,52.5104097662086,13.444379568099976,Bar
121,Friedrichshain-Kreuzberg,52.50689720707378,13.45069781057908,Berghain,52.51139574815415,13.443199396133423,Nightclub
122,Friedrichshain-Kreuzberg,52.50689720707378,13.45069781057908,New Arirang,52.511344,13.45162,Korean Restaurant
123,Friedrichshain-Kreuzberg,52.50689720707378,13.45069781057908,Delabuu Ice Cream,52.510763829378675,13.45717699189986,Ice Cream Shop
124,Friedrichshain-Kreuzberg,52.50689720707378,13.45069781057908,Halle,52.51142568714085,13.443023068815007,Music Venue
125,Friedrichshain-Kreuzberg,52.50689720707378,13.45069781057908,The Timber Doodle Bar,52.50927683911241,13.45899760723114,Cocktail Bar
126,Friedrichshain-Kreuzberg,52.50689720707378,13.45069781057908,Berliner Mauerweg | Berlin Wall Trail (Berliner Mauerweg),52.50427988600668,13.44182694711085,Trail
127,Friedrichshain-Kreuzberg,52.50689720707378,13.45069781057908,Hops & Barley,52.508887402035654,13.460585062665995,Brewery
128,Friedrichshain-Kreuzberg,52.50689720707378,13.45069781057908,RuDi Nachbarschaftshaus,52.502439281647334,13.456919122681438,Community Center
129,Friedrichshain-Kreuzberg,52.50689720707378,13.45069781057908,Wochenmarkt Boxhagener Platz,52.51103535677912,13.459767959663045,Farmers Market
130,Friedrichshain-Kreuzberg,52.50689720707378,13.45069781057908,La Tazza d'Oro,52.512127,13.453954,Coffee Shop
131,Friedrichshain-Kreuzberg,52.50689720707378,13.45069781057908,Schwesterherz,52.509501683427175,13.460238465913106,Gift Shop
132,Friedrichshain-Kreuzberg,52.50689720707378,13.45069781057908,Hot Dog Soup,52.51148105093338,13.458573003047329,Hot Dog Joint
133,Friedrichshain-Kreuzberg,52.50689720707378,13.45069781057908,Hirsch,52.51098599097212,13.45048149796056,Pub
134,Friedrichshain-Kreuzberg,52.50689720707378,13.45069781057908,Passenger Espresso Pop Up,52.51057961489879,13.459368671274381,Food Stand
135,Friedrichshain-Kreuzberg,52.50689720707378,13.45069781057908,Aprilkind,52.50964573321377,13.456113773987466,Coffee Shop
136,Friedrichshain-Kreuzberg,52.50689720707378,13.45069781057908,li.ke,52.51148843532215,13.458749909324519,Thai Restaurant
137,Friedrichshain-Kreuzberg,52.50689720707378,13.45069781057908,Sanabel,52.51100980548266,13.458758472458484,Falafel Restaurant
138,Friedrichshain-Kreuzberg,52.50689720707378,13.45069781057908,Hotel Indigo Berlin - City East Side Gallery,52.504656380874216,13.441600874345658,Hotel
139,Friedrichshain-Kreuzberg,52.50689720707378,13.45069781057908,Protokoll,52.513074529751556,13.457070711506269,Pub
140,Friedrichshain-Kreuzberg,52.50689720707378,13.45069781057908,Hampton by Hilton Berlin City East Side Gallery,52.50494841951575,13.44091218744647,Hotel
141,Friedrichshain-Kreuzberg,52.50689720707378,13.45069781057908,BABO SUSHI,52.50990207482437,13.451967537403107,Sushi Restaurant
142,Friedrichshain-Kreuzberg,52.50689720707378,13.45069781057908,Marafina,52.50857279570415,13.461828111189826,Falafel Restaurant
143,Friedrichshain-Kreuzberg,52.50689720707378,13.45069781057908,Lemon Feinkost & Cafe,52.50866,13.461892,Deli / Bodega
144,Friedrichshain-Kreuzberg,52.50689720707378,13.45069781057908,Premium Lounge,52.506104449788786,13.442938678715027,Lounge
145,Friedrichshain-Kreuzberg,52.50689720707378,13.45069781057908,METRO Cash & Carry,52.50946947142866,13.44372510910034,Big Box Store
146,Friedrichshain-Kreuzberg,52.50689720707378,13.45069781057908,Conmux Blechbilderbar,52.50996679778619,13.456190367053638,Bar
147,Friedrichshain-Kreuzberg,52.50689720707378,13.45069781057908,Getränkefeinkost,52.51304393792196,13.457071276734203,Beer Store
148,Friedrichshain-Kreuzberg,52.50689720707378,13.45069781057908,Säule,52.51112184550338,13.442895146194944,Nightclub
149,Friedrichshain-Kreuzberg,52.50689720707378,13.45069781057908,Primitiv Bar,52.50858190698286,13.455626015769266,Bar
150,Friedrichshain-Kreuzberg,52.50689720707378,13.45069781057908,Silo Coffee,52.50998895418429,13.458276790406671,Coffee Shop
151,Friedrichshain-Kreuzberg,52.50689720707378,13.45069781057908,Brammibal’s Donuts,52.512939,13.453291,Donut Shop
152,Friedrichshain-Kreuzberg,52.50689720707378,13.45069781057908,Kantine am Berghain,52.511478643496496,13.44251811504364,Music Venue
153,Friedrichshain-Kreuzberg,52.50689720707378,13.45069781057908,Burgeramt,52.51040131707381,13.459397544072182,Burger Joint
154,Friedrichshain-Kreuzberg,52.50689720707378,13.45069781057908,Panorama Bar,52.511151499307076,13.442995548248291,Nightclub
155,Friedrichshain-Kreuzberg,52.50689720707378,13.45069781057908,IRO Izakaya,52.510359,13.458793,Japanese Restaurant
156,Friedrichshain-Kreuzberg,52.50689720707378,13.45069781057908,Khwan ควัน,52.50748120854745,13.455651018259351,Thai Restaurant
157,Friedrichshain-Kreuzberg,52.50689720707378,13.45069781057908,Goura Pakora,52.51075966519275,13.457310929733884,Vegetarian / Vegan Restaurant
158,Friedrichshain-Kreuzberg,52.50689720707378,13.45069781057908,Burgermeister,52.501108,13.442131,Burger Joint
159,Friedrichshain-Kreuzberg,52.50689720707378,13.45069781057908,Victoria met Albert,52.51028691159919,13.4606057557315,Boutique
160,Friedrichshain-Kreuzberg,52.50689720707378,13.45069781057908,Keirin Cycle Culture Café,52.50103577479206,13.442968614163743,Bike Shop
161,Friedrichshain-Kreuzberg,52.50689720707378,13.45069781057908,May-Ayim-Ufer,52.50207451115226,13.443016898672473,Scenic Lookout
162,Lichtenberg,52.532284269868995,13.49092055987913,Duc Anh Quan,52.52776546588698,13.48860968164961,Vietnamese Restaurant
163,Lichtenberg,52.532284269868995,13.49092055987913,Đồng Xuân Quán,52.52771421379017,13.490311397224591,Vietnamese Restaurant
164,Lichtenberg,52.532284269868995,13.49092055987913,Squash House,52.52440733120216,13.486254215240479,Squash Court
165,Lichtenberg,52.532284269868995,13.49092055987913,Dong Xuan Center,52.52760577553211,13.489837646484375,Market
166,Lichtenberg,52.532284269868995,13.49092055987913,REWE,52.535419,13.4965123,Supermarket
167,Lichtenberg,52.532284269868995,13.49092055987913,Louis MEGAShop,52.52719799308137,13.500088721838953,Motorcycle Shop
168,Lichtenberg,52.532284269868995,13.49092055987913,Vino Del Sol,52.53445350997939,13.486038834020434,Pizza Place
169,Lichtenberg,52.532284269868995,13.49092055987913,REWE,52.52745377,13.48127251,Supermarket
170,Lichtenberg,52.532284269868995,13.49092055987913,Viêt Phô,52.527611209663704,13.489330591754674,Vietnamese Restaurant
171,Lichtenberg,52.532284269868995,13.49092055987913,Rossmann,52.535031854576076,13.49630187854959,Drugstore
172,Lichtenberg,52.532284269868995,13.49092055987913,Proberäume Herzbergstrasse,52.52698629287679,13.499298986250079,Music Venue
173,Lichtenberg,52.532284269868995,13.49092055987913,Burger King,52.53458691492524,13.496165449751715,Fast Food Restaurant
174,Lichtenberg,52.532284269868995,13.49092055987913,Eisschnelllaufhalle,52.53984636816958,13.482927092394863,Skating Rink
175,Lichtenberg,52.532284269868995,13.49092055987913,A&O Berlin Kolumbus,52.53928228862709,13.498304619127985,Hostel
176,Lichtenberg,52.532284269868995,13.49092055987913,H Genslerstraße,52.53438048630748,13.495899438858032,Tram Station
177,Lichtenberg,52.532284269868995,13.49092055987913,Stern Apotheke im Allee-Center,52.53516446990015,13.496338445679042,Pharmacy
178,Lichtenberg,52.532284269868995,13.49092055987913,Asia Supermarkt,52.52775324920385,13.488668203353882,Grocery Store
179,Lichtenberg,52.532284269868995,13.49092055987913,Quan Ngon,52.52771509029324,13.488697627954995,Vietnamese Restaurant
180,Lichtenberg,52.532284269868995,13.49092055987913,Hotel Kolumbus,52.53908352620945,13.498179311227906,Hotel
181,Lichtenberg,52.532284269868995,13.49092055987913,Sporthalle Gutenberg Oberschule,52.536379,13.482449,Gym
182,Lichtenberg,52.532284269868995,13.49092055987913,Roederplatz,52.52689375823146,13.484479007357434,Plaza
183,Lichtenberg,52.532284269868995,13.49092055987913,Viet Nam,52.526458842590216,13.497813493458164,Vietnamese Restaurant
184,Lichtenberg,52.532284269868995,13.49092055987913,Quán Thành Koch,52.526512,13.498194,Vietnamese Restaurant
185,Lichtenberg,52.532284269868995,13.49092055987913,H Altenhofer Str.,52.535194204133155,13.47974809648481,Tram Station
186,Lichtenberg,52.532284269868995,13.49092055987913,Vietnam-Restaurant,52.526408785828515,13.498447604463712,Vietnamese Restaurant
187,Lichtenberg,52.532284269868995,13.49092055987913,H Bernhard-Bästlein-Straße,52.52680387494436,13.482026748268545,Tram Station
188,Lichtenberg,52.532284269868995,13.49092055987913,Spiele Max,52.53271747692966,13.478187043322773,Toy / Game Store
189,Lichtenberg,52.532284269868995,13.49092055987913,SIXT rent a car,52.52629434270014,13.500279288008976,Rental Car Location
190,Lichtenberg,52.532284269868995,13.49092055987913,Robben & Wientjes,52.525967,13.500296,Rental Car Location
191,Lichtenberg,52.532284269868995,13.49092055987913,H Herzbergstraße / Weißenseer Weg,52.527227196315074,13.479537963867188,Tram Station
192,Lichtenberg,52.532284269868995,13.49092055987913,H Sandinostraße,52.53849179534253,13.48073959350586,Tram Station
193,Lichtenberg,52.532284269868995,13.49092055987913,H Arendsweg,52.53535979909824,13.504621048475729,Tram Station
194,Lichtenberg,52.532284269868995,13.49092055987913,City Point Center,52.52701757990373,13.479047864299211,Department Store
195,Marzahn-Hellersdorf,52.52247428610016,13.585397413903896,EDEKA Friedrich,52.5233383,13.5861748,Supermarket
196,Marzahn-Hellersdorf,52.52247428610016,13.585397413903896,Rossmann,52.52289923653978,13.586399892177843,Drugstore
197,Marzahn-Hellersdorf,52.52247428610016,13.585397413903896,REWE,52.52143703363729,13.589596095776415,Supermarket
198,Marzahn-Hellersdorf,52.52247428610016,13.585397413903896,Lidl,52.5279945,13.5883892,Supermarket
199,Marzahn-Hellersdorf,52.52247428610016,13.585397413903896,Spree Center,52.521890408813476,13.5868451548408,Shopping Mall
200,Marzahn-Hellersdorf,52.52247428610016,13.585397413903896,REWE,52.529414,13.594044,Supermarket
201,Marzahn-Hellersdorf,52.52247428610016,13.585397413903896,Renaturierungsstein An Der Wuhle,52.52437426176387,13.585711651299453,Trail
202,Marzahn-Hellersdorf,52.52247428610016,13.585397413903896,U Kaulsdorf-Nord,52.52173731891432,13.59186854262555,Metro Station
203,Marzahn-Hellersdorf,52.52247428610016,13.585397413903896,Bowlingcenter Hellersdorf,52.52760761846622,13.587902166406378,Bowling Alley
204,Marzahn-Hellersdorf,52.52247428610016,13.585397413903896,Netto Marken-Discount,52.51587707,13.58353082,Supermarket
205,Marzahn-Hellersdorf,52.52247428610016,13.585397413903896,U Kienberg (Gärten der Welt),52.52908090646438,13.590787084553762,Metro Station
206,Marzahn-Hellersdorf,52.52247428610016,13.585397413903896,Wuhleteich,52.529916082333656,13.582955359888729,Lake
207,Marzahn-Hellersdorf,52.52247428610016,13.585397413903896,NORMA,52.51912155439945,13.597088084861491,Supermarket
208,Marzahn-Hellersdorf,52.52247428610016,13.585397413903896,NETTO,52.51416421495615,13.58332872390747,Supermarket
209,Mitte,52.53323007057742,13.359798059506346,Filmrauschpalast,52.53429829821408,13.359632364945671,Indie Movie Theater
210,Mitte,52.53323007057742,13.359798059506346,vabali spa,52.52760251193211,13.360555171966553,Spa
211,Mitte,52.53323007057742,13.359798059506346,interFace,52.53316998085407,13.351883002525678,Cocktail Bar
212,Mitte,52.53323007057742,13.359798059506346,Nordhafenpark,52.537537,13.363935,Park
213,Mitte,52.53323007057742,13.359798059506346,CrossFit Mitte,52.53092593054399,13.36744992809018,Gym / Fitness Center
214,Mitte,52.53323007057742,13.359798059506346,Güllü Lahmacun,52.53221740861135,13.350061209216781,Turkish Restaurant
215,Mitte,52.53323007057742,13.359798059506346,Uferpromenade Berlin-Spandauer-Schifffahrtskanal,52.53386857452513,13.368787128761658,Trail
216,Mitte,52.53323007057742,13.359798059506346,Kapitel 21,52.534227218224956,13.3589587015282,Bar
217,Mitte,52.53323007057742,13.359798059506346,Bata Bar & Billiards,52.53041363653681,13.367150017595907,Pool Hall
218,Mitte,52.53323007057742,13.359798059506346,DAV Kletterzentrum Berlin,52.52841920202643,13.362783477417869,Climbing Gym
219,Mitte,52.53323007057742,13.359798059506346,Poststadion,52.52958606852346,13.360494839254562,Soccer Stadium
220,Mitte,52.53323007057742,13.359798059506346,Kulturfabrik Moabit,52.53424343604285,13.359332084655762,General Entertainment
221,Mitte,52.53323007057742,13.359798059506346,Netto Marken-Discount,52.53228274,13.36005898,Supermarket
222,Mitte,52.53323007057742,13.359798059506346,Fritz-Schloß-Park,52.52807442092505,13.356627920346035,Park
223,Mitte,52.53323007057742,13.359798059506346,Sapori Di Casa,52.52742475408659,13.351518996754958,Italian Restaurant
224,Mitte,52.53323007057742,13.359798059506346,Zaffke,52.533541340966075,13.350150744736592,Bar
225,Mitte,52.53323007057742,13.359798059506346,Esszimmer,52.53358018709989,13.371192143113815,Restaurant
226,Mitte,52.53323007057742,13.359798059506346,Valladares,52.53360636248186,13.34714700986925,Vegetarian / Vegan Restaurant
227,Mitte,52.53323007057742,13.359798059506346,Göttlich Essen & Trinken,52.54190361750728,13.3571313673713,Café
228,Mitte,52.53323007057742,13.359798059506346,Ufer-Café,52.53907528130773,13.357770428872717,Bar
229,Mitte,52.53323007057742,13.359798059506346,Honiggelb,52.526646,13.35132,Bistro
230,Mitte,52.53323007057742,13.359798059506346,Thea & coffee,52.531051148755026,13.34619112126696,Café
231,Mitte,52.53323007057742,13.359798059506346,Motel One Berlin-Hauptbahnhof,52.52561923326395,13.36600575634014,Hotel
232,Mitte,52.53323007057742,13.359798059506346,Hotel Amano Grand Central,52.527225356218786,13.370557818671157,Hotel
233,Mitte,52.53323007057742,13.359798059506346,ibis Berlin Hauptbahnhof,52.5269289,13.3700036,Hotel
234,Mitte,52.53323007057742,13.359798059506346,Berliner Stadtmission,52.52656415726251,13.363153401866853,Non-Profit
235,Mitte,52.53323007057742,13.359798059506346,Stadtbad Tiergarten,52.527150605558774,13.360738461420459,Pool
236,Mitte,52.53323007057742,13.359798059506346,Die Große Bank,52.53609031555433,13.366418480873108,Outdoor Sculpture
237,Mitte,52.53323007057742,13.359798059506346,Osmanya,52.530963383137504,13.34683636051725,Turkish Restaurant
238,Mitte,52.53323007057742,13.359798059506346,Bistro Amano,52.52716514022387,13.370632164921725,Bistro
239,Mitte,52.53323007057742,13.359798059506346,Ressort Berlin,52.531187257416164,13.370331100798861,Restaurant
240,Mitte,52.53323007057742,13.359798059506346,Geschichtspark Zellengefängnis Moabit,52.5267922221595,13.365876776824466,Historic Site
241,Mitte,52.53323007057742,13.359798059506346,Gedenkstätte Günter Litfin,52.533953458626264,13.369118474135673,Historic Site
242,Mitte,52.53323007057742,13.359798059506346,Deichgraf,52.53978676264183,13.352245753556591,German Restaurant
243,Mitte,52.53323007057742,13.359798059506346,Erika-Hess Eisstadion,52.53747844037617,13.369338848280524,Skating Rink
244,Mitte,52.53323007057742,13.359798059506346,Coriander. Orientalische Küche. Falafelgroßverkauf.,52.53552292011971,13.356709955852546,Falafel Restaurant
245,Mitte,52.53323007057742,13.359798059506346,Naveena Path,52.54174097111441,13.357280578904813,Indian Restaurant
246,Mitte,52.53323007057742,13.359798059506346,Amano Rooftop Terrace,52.527024617268765,13.370457949421555,Cocktail Bar
247,Mitte,52.53323007057742,13.359798059506346,Lehrter Siebzehn,52.52971877254127,13.364578677793258,Art Gallery
248,Mitte,52.53323007057742,13.359798059506346,Restaurant MEDITERRANEO,52.53339995722846,13.359633007244039,Mediterranean Restaurant
249,Mitte,52.53323007057742,13.359798059506346,EDEKA,52.53267759752269,13.35032625265985,Supermarket
250,Mitte,52.53323007057742,13.359798059506346,Hoa Nam,52.529179,13.351197,Sushi Restaurant
251,Mitte,52.53323007057742,13.359798059506346,Lidl,52.535783595361146,13.352696299552917,Supermarket
252,Mitte,52.53323007057742,13.359798059506346,A&O Hotel Bar,52.529362729081114,13.364617477801048,Hotel Bar
253,Mitte,52.53323007057742,13.359798059506346,Weddingmarkt,52.53984865026077,13.353700949230404,Flea Market
254,Mitte,52.53323007057742,13.359798059506346,A&O Berlin Hauptbahnhof,52.52910970491638,13.363469719747277,Hostel
255,Mitte,52.53323007057742,13.359798059506346,Slaughterhouse,52.53425871651892,13.359451373550495,Rock Club
256,Mitte,52.53323007057742,13.359798059506346,Original Gemüse Döner 46,52.53096340410308,13.347173209762893,Doner Restaurant
257,Mitte,52.53323007057742,13.359798059506346,Steinecke Brotmeisterei,52.53433478679022,13.370296218072097,Bakery
258,Mitte,52.53323007057742,13.359798059506346,Tennisclub Schwarz-Weiß Tiergarten,52.531404441502154,13.356006145477293,Tennis Stadium
259,Mitte,52.53323007057742,13.359798059506346,Jugendgästehaus Berlin,52.52714252679079,13.362352821551333,Bed & Breakfast
260,Mitte,52.53323007057742,13.359798059506346,Mini Perle,52.53187293474257,13.349353238028197,Pizza Place
261,Mitte,52.53323007057742,13.359798059506346,PENNY,52.53305670509825,13.345339490763877,Supermarket
262,Mitte,52.53323007057742,13.359798059506346,Asia Imbiss Thanh Hoang,52.53747825672557,13.358413056093235,Asian Restaurant
263,Mitte,52.53323007057742,13.359798059506346,Ec-Er Bäckerei,52.532304210722934,13.350036213897596,Bakery
264,Mitte,52.53323007057742,13.359798059506346,Jugendgästehaus Hauptbahnhof,52.526939996111636,13.36212158203125,Hostel
265,Mitte,52.53323007057742,13.359798059506346,H S+U Hauptbahnhof,52.52644414398637,13.369375624970917,Tram Station
266,Mitte,52.53323007057742,13.359798059506346,Minigolfplatz am Fritz-Schloß-Park,52.52661126001927,13.356027700034668,Mini Golf
267,Mitte,52.53323007057742,13.359798059506346,SportPark Poststadion,52.52648963309643,13.355878125700416,Athletics & Sports
268,Mitte,52.53323007057742,13.359798059506346,Spielplatz am Stephanplatz,52.533600086565095,13.347075753021594,Playground
269,Mitte,52.53323007057742,13.359798059506346,Fünf&Sechzig,52.53990966160571,13.352638118027443,Restaurant
270,Mitte,52.53323007057742,13.359798059506346,Café Restaurant Auszeit,52.540091,13.353073,German Restaurant
271,Mitte,52.53323007057742,13.359798059506346,H Transvaalstraße,52.54037567467032,13.365756796586599,Bus Stop
272,Mitte,52.53323007057742,13.359798059506346,Ala Eldin,52.52506551989954,13.35829196459464,Café
273,Mitte,52.53323007057742,13.359798059506346,yogi Restaurant,52.5248261612038,13.356932753867563,Indian Restaurant
274,Mitte,52.53323007057742,13.359798059506346,B-Fit,52.54017543519173,13.36859318215143,Gym / Fitness Center
275,Neukölln,52.44589580355115,13.443075490568862,Gutshof Britz,52.445876449313396,13.438178168605491,Historic Site
276,Neukölln,52.44589580355115,13.443075490568862,Schloss Britz,52.44696009959221,13.437808156013489,Palace
277,Neukölln,52.44589580355115,13.443075490568862,Buchholz Gutshof Britz,52.44632193465145,13.438158367638424,German Restaurant
278,Neukölln,52.44589580355115,13.443075490568862,Museum Neukölln,52.44599882989592,13.437813520431519,History Museum
279,Neukölln,52.44589580355115,13.443075490568862,Spielplatz Buschkrugpark,52.45371040286384,13.449904580572984,Playground
280,Neukölln,52.44589580355115,13.443075490568862,Lidl,52.4394172,13.4367748,Supermarket
281,Neukölln,52.44589580355115,13.443075490568862,Park am Buschkrug,52.45368186193777,13.449068069458006,Park
282,Neukölln,52.44589580355115,13.443075490568862,REWE,52.44027720318299,13.433981829786262,Liquor Store
283,Neukölln,52.44589580355115,13.443075490568862,Schlosspark Britz,52.44699933464444,13.43853235244751,Park
284,Neukölln,52.44589580355115,13.443075490568862,Restaurant & Hotel Schloss Britz,52.4467835414247,13.437765240669249,Hotel
285,Neukölln,52.44589580355115,13.443075490568862,McFIT,52.4517694,13.4347313,Gym / Fitness Center
286,Neukölln,52.44589580355115,13.443075490568862,Britzer Kirchteich,52.44746,13.436654,Lake
287,Neukölln,52.44589580355115,13.443075490568862,H Fulhamer Allee,52.448934887165656,13.43630075454712,Bus Stop
288,Neukölln,52.44589580355115,13.443075490568862,Backshop Britzer Damm,52.44514695386723,13.433670887275571,Bakery
289,Neukölln,52.44589580355115,13.443075490568862,Minigolf Britz,52.44831118598077,13.453219836786806,Mini Golf
290,Neukölln,52.44589580355115,13.443075490568862,Reuter Terrassen,52.44499055629139,13.454825295631395,Chinese Restaurant
291,Neukölln,52.44589580355115,13.443075490568862,Buckower Damm/ Gutschmidtstraße,52.440670013427734,13.434561729431152,Bus Stop
292,Neukölln,52.44589580355115,13.443075490568862,U Blaschkoallee,52.452292372764106,13.449172624656786,Metro Station
293,Neukölln,52.44589580355115,13.443075490568862,Royal Gourmet,52.443278,13.431137,Chinese Restaurant
294,Neukölln,52.44589580355115,13.443075490568862,Kaiser's,52.43992128775476,13.434219474803344,Supermarket
295,Neukölln,52.44589580355115,13.443075490568862,Tanzschule Step by Step,52.43943950453783,13.434126132980555,Dance Studio
296,Neukölln,52.44589580355115,13.443075490568862,Tillmann Bio Konditorei,52.45382616389857,13.438086813205427,Bakery
297,Neukölln,52.44589580355115,13.443075490568862,Wochenmarkt Britz-Süd,52.43744462693882,13.446327520515343,Food & Drink Shop
298,Neukölln,52.44589580355115,13.443075490568862,P.A.M. - Pizza And More,52.43740579685634,13.446065894566589,Fast Food Restaurant
299,Neukölln,52.44589580355115,13.443075490568862,H Buschkrug,52.45242072165543,13.452739461159686,Bus Stop
300,Neukölln,52.44589580355115,13.443075490568862,H Gradestraße / Tempelhofer Weg,52.45255328854159,13.433585933753658,Bus Stop
301,Pankow,52.59765827133238,13.436379168976583,Lidl,52.59332517891692,13.432852952973917,Supermarket
302,Pankow,52.59765827133238,13.436379168976583,Thanh Binh,52.59575700079766,13.432728894409669,Asian Restaurant
303,Pankow,52.59765827133238,13.436379168976583,H Rosenthaler Straße,52.59614004773554,13.432846069335938,Tram Station
304,Pankow,52.59765827133238,13.436379168976583,H Blankenfelder Straße,52.60199193185031,13.431344032287598,Tram Station
305,Pankow,52.59765827133238,13.436379168976583,REWE,52.603946389082566,13.432516271163877,Supermarket
306,Pankow,52.59765827133238,13.436379168976583,Pankebecken,52.591602,13.437031,Lake
307,Pankow,52.59765827133238,13.436379168976583,S Blankenburg,52.59136078849369,13.443423880889817,Light Rail Station
308,Pankow,52.59765827133238,13.436379168976583,H S Blankenburg,52.59088702279904,13.442351818084717,Bus Stop
309,Pankow,52.59765827133238,13.436379168976583,Meisterbäckerei Steinecke,52.590922057199954,13.445461003264,Bakery
310,Reinickendorf,52.60484489017112,13.288141858855083,Tegeler Fließ,52.60633146577606,13.30070972442627,Nature Preserve
311,Reinickendorf,52.60484489017112,13.288141858855083,DJH Jugendherberge Berlin-Ernst Reuter,52.605084729826274,13.291861798925023,Hostel
312,Reinickendorf,52.60484489017112,13.288141858855083,Getränke Hoffmann,52.60881525511021,13.294622518252254,Liquor Store
313,Reinickendorf,52.60484489017112,13.288141858855083,Pimkie,52.59787074241391,13.284103466228636,Women's Store
314,Reinickendorf,52.60484489017112,13.288141858855083,Bäckerei & Konditorei Schäfer 's,52.5972870264799,13.295731544494629,Bakery
315,Spandau,52.519205700925504,13.181870353892062,Lidl,52.51772248333136,13.18411409854889,Supermarket
316,Spandau,52.519205700925504,13.181870353892062,Kaufland,52.52149521,13.18675695,Big Box Store
317,Spandau,52.519205700925504,13.181870353892062,Solo Pizza,52.52437588653306,13.193197382270688,Pizza Place
318,Spandau,52.519205700925504,13.181870353892062,Café Barfly,52.52417367772192,13.193015988091972,German Restaurant
319,Spandau,52.519205700925504,13.181870353892062,Südpark,52.51653424960838,13.191833496093748,Park
320,Spandau,52.519205700925504,13.181870353892062,Salt & Pepper,52.524578568343735,13.193274115534948,Restaurant
321,Spandau,52.519205700925504,13.181870353892062,Kentucky Fried Chicken,52.51645301967088,13.18467373389404,Fried Chicken Joint
322,Spandau,52.519205700925504,13.181870353892062,H Am Omnibushof,52.51762386473606,13.185992460163453,Bus Stop
323,Spandau,52.519205700925504,13.181870353892062,Kombibad Spandau Süd,52.51867565858389,13.187960386276245,Pool
324,Spandau,52.519205700925504,13.181870353892062,H Gatower Straße / Heerstraße,52.51544131231973,13.184831749034586,Bus Stop
325,Spandau,52.519205700925504,13.181870353892062,Agip Service Station,52.51710514,13.17498888,Gas Station
326,Spandau,52.519205700925504,13.181870353892062,Melanchthonplatz,52.521163447924216,13.189052835183123,Plaza
327,Spandau,52.519205700925504,13.181870353892062,Netto Filiale,52.52374673,13.17554,Supermarket
328,Spandau,52.519205700925504,13.181870353892062,Esin's Backshop,52.51990337831182,13.171487482456602,Bakery
329,Spandau,52.519205700925504,13.181870353892062,PENNY,52.518948023244256,13.171006458055786,Discount Store
330,Spandau,52.519205700925504,13.181870353892062,H Sandstraße,52.51881000358518,13.169950926025322,Bus Stop
331,Spandau,52.519205700925504,13.181870353892062,Havelkrug,52.51193887,13.182543990519113,Gastropub
332,Spandau,52.519205700925504,13.181870353892062,Mydonose,52.521023,13.193869,Halal Restaurant
333,Spandau,52.519205700925504,13.181870353892062,Lavie Cleaning Service,52.52313001,13.19268362,Business Service
334,Spandau,52.519205700925504,13.181870353892062,nahkauf,52.52117651,13.19597399,Supermarket
335,Steglitz-Zehlendorf,52.42945022164251,13.242071459897895,Aral & REWE To Go Büttner,52.43305731944573,13.237869224922314,Gas Station
336,Steglitz-Zehlendorf,52.42945022164251,13.242071459897895,Museumsdorf Düppel,52.42468202716714,13.236358165740967,History Museum
337,Steglitz-Zehlendorf,52.42945022164251,13.242071459897895,Rossosiena,52.43139694496531,13.23104957419541,Italian Restaurant
338,Steglitz-Zehlendorf,52.42945022164251,13.242071459897895,Walter's Coffey,52.42883375121511,13.256322910444933,Bagel Shop
339,Steglitz-Zehlendorf,52.42945022164251,13.242071459897895,Bamboo,52.428687472280195,13.25623771063416,Sushi Restaurant
340,Steglitz-Zehlendorf,52.42945022164251,13.242071459897895,Asado,52.43240096625822,13.235903809880744,Steakhouse
341,Steglitz-Zehlendorf,52.42945022164251,13.242071459897895,EDEKA Erler,52.42638894,13.24414167,Supermarket
342,Steglitz-Zehlendorf,52.42945022164251,13.242071459897895,Zehlendorfer Backwaren,52.43415608849676,13.246856093934053,Lottery Retailer
343,Steglitz-Zehlendorf,52.42945022164251,13.242071459897895,Getränke Hoffmann,52.4320942,13.2335978,Liquor Store
344,Steglitz-Zehlendorf,52.42945022164251,13.242071459897895,Fressnapf Berlin,52.4234039,13.2419152,Pet Store
345,Steglitz-Zehlendorf,52.42945022164251,13.242071459897895,Trattoria Piazza Siciliana,52.43053,13.229966,Italian Restaurant
346,Steglitz-Zehlendorf,52.42945022164251,13.242071459897895,H Clauertstraße,52.427398513006814,13.229574455126107,Bus Stop
347,Tempelhof-Schöneberg,52.44066189130119,13.388298847214578,PENNY,52.43793192853259,13.38892483453219,Supermarket
348,Tempelhof-Schöneberg,52.44066189130119,13.388298847214578,Südbloc Boulderhalle,52.43996860872538,13.379566033541556,Climbing Gym
349,Tempelhof-Schöneberg,52.44066189130119,13.388298847214578,New Ocean,52.436151,13.389253,Chinese Restaurant
350,Tempelhof-Schöneberg,52.44066189130119,13.388298847214578,Bei Radi,52.445683842896166,13.390001398999091,Eastern European Restaurant
351,Tempelhof-Schöneberg,52.44066189130119,13.388298847214578,Villa Christina,52.439782,13.388025,Greek Restaurant
352,Tempelhof-Schöneberg,52.44066189130119,13.388298847214578,Volkspark Mariendorf,52.44242167608397,13.3913254737854,Park
353,Tempelhof-Schöneberg,52.44066189130119,13.388298847214578,rice & more,52.43461524296458,13.378290114414813,Asian Restaurant
354,Tempelhof-Schöneberg,52.44066189130119,13.388298847214578,Steakhouse Hazienda,52.4387019845016,13.387330290621993,Steakhouse
355,Tempelhof-Schöneberg,52.44066189130119,13.388298847214578,Polo Superstore,52.43964,13.3807408,Motorcycle Shop
356,Tempelhof-Schöneberg,52.44066189130119,13.388298847214578,Sommerbad Mariendorf,52.443584233515416,13.398427544689397,Pool
357,Tempelhof-Schöneberg,52.44066189130119,13.388298847214578,Karma,52.44736123258221,13.396934743257194,Indian Restaurant
358,Tempelhof-Schöneberg,52.44066189130119,13.388298847214578,Chicken House,52.445612350365664,13.386291050783417,Fried Chicken Joint
359,Tempelhof-Schöneberg,52.44066189130119,13.388298847214578,Eis Hennig,52.43883304040497,13.38822840642672,Ice Cream Shop
360,Tempelhof-Schöneberg,52.44066189130119,13.388298847214578,EDEKA Prang,52.44539066884613,13.386154174804688,Supermarket
361,Tempelhof-Schöneberg,52.44066189130119,13.388298847214578,Rossmann,52.444159901684756,13.38686316841901,Drugstore
362,Tempelhof-Schöneberg,52.44066189130119,13.388298847214578,Deutsche Bank,52.446536747569986,13.385225384762657,Bank
363,Tempelhof-Schöneberg,52.44066189130119,13.388298847214578,Remise No 1,52.44446584277039,13.385888533316715,German Restaurant
364,Tempelhof-Schöneberg,52.44066189130119,13.388298847214578,Lidl,52.4391942,13.3797526,Supermarket
365,Tempelhof-Schöneberg,52.44066189130119,13.388298847214578,Landhaus Alt-Mariendorf,52.43957020833689,13.384695053100586,German Restaurant
366,Tempelhof-Schöneberg,52.44066189130119,13.388298847214578,Thürmann Drive Inn,52.43906881329408,13.381111382938558,Bakery
367,Tempelhof-Schöneberg,52.44066189130119,13.388298847214578,La Rosa,52.44362463703977,13.386027238053405,Steakhouse
368,Tempelhof-Schöneberg,52.44066189130119,13.388298847214578,Edeka,52.43499101,13.38911184,Supermarket
369,Tempelhof-Schöneberg,52.44066189130119,13.388298847214578,MyPlace - SelfStorage,52.43744968606319,13.379382996019222,Storage Facility
370,Tempelhof-Schöneberg,52.44066189130119,13.388298847214578,McDonald's,52.437412,13.379706,Fast Food Restaurant
371,Tempelhof-Schöneberg,52.44066189130119,13.388298847214578,Cafe Forddamm,52.43471897772225,13.3812798133935,Bakery
372,Tempelhof-Schöneberg,52.44066189130119,13.388298847214578,H Lerchenweg,52.448065866282604,13.386521768306478,Bus Stop
373,Tempelhof-Schöneberg,52.44066189130119,13.388298847214578,H Kosleckweg,52.44724503895298,13.396416074342882,Bus Stop
374,Tempelhof-Schöneberg,52.44066189130119,13.388298847214578,Esso Tankstelle Radtke,52.448722,13.385006,Miscellaneous Shop
375,Tempelhof-Schöneberg,52.44066189130119,13.388298847214578,Stefan Rudolph,52.43681947,13.40156554,IT Services
376,Treptow-Köpenick,52.41789752621652,13.626334522436734,Müggelturm,52.41715098372223,13.625128269195557,Scenic Lookout
377,Treptow-Köpenick,52.41789752621652,13.626334522436734,Müggelberge,52.419172910580876,13.623905181884766,Forest
378,Treptow-Köpenick,52.41789752621652,13.626334522436734,Teufelssee,52.419971186271304,13.629934787750242,Lake
379,Treptow-Köpenick,52.41789752621652,13.626334522436734,Ausblick Kanonenberge,52.42118835449219,13.614235877990723,Mountain
